agcy,cpn,px,bb,sd
FNCL,2.5,94.14375,F30,1/25/2019
FNCL,3,97.1984375,F30,1/25/2019
FNCL,3.5,99.69479167,F30,1/25/2019
FNCL,4,101.8161458,F30,1/25/2019
FNCL,4.5,103.59375,F30,1/25/2019
FNCL,5,104.94375,F30,1/25/2019
G2SF,2.5,94.14375,F30,1/25/2019
G2SF,3,97.1984375,F30,1/25/2019
G2SF,3.5,100,F30,1/25/2019
G2SF,4,101.8161458,F30,1/25/2019
G2SF,4.5,103.59375,F30,1/25/2019
G2SF,5,104.94375,F30,1/25/2019
